order_month,payment_value
2016-09,388.46999999999997
2016-10,76120.17
2016-12,19.62
2017-01,189015.66
2017-02,349701.93
2017-03,544738.23
2017-04,510891.55
2017-05,731017.09
2017-06,608891.38
2017-07,744599.53
2017-08,876129.37
2017-09,1023095.49
2017-10,1031505.53
2017-11,1599444.18
2017-12,1057582.34
2018-01,1415348.54
2018-02,1311260.71
2018-03,1480045.5
2018-04,1497843.94
2018-05,1511113.0
2018-06,1298685.81
2018-07,1359421.48
2018-08,1248837.93
2018-09,4439.54
2018-10,589.6700000000001
